Employee ID,Name,Department,Salary,Joining Date,Age,Performance Rating,Bonus,Email,Attendance (%),Data Insert Time
462,Grace Garcia,Operations,90343.0,2016-12-02,41.0,Excellent,5623.02,grace.garcia@company.com,85.79,2024-01-03 22:03:46
174,Uma Brown,Sales,72711.0,2011-05-27,27.0,Excellent,6812.47,uma.brown@company.com,79.57,2024-01-17 17:02:48
475,Xander Davis,Marketing,41324.0,2017-03-03,50.0,Average,4425.41,xander.davis@company.com,84.95,2024-01-02 14:48:57
256,Yara Rodriguez,Operations,67751.0,2012-12-21,27.0,Excellent,4217.53,yara.rodriguez@company.com,94.47,2024-01-17 20:44:58
205,Uma Miller,Operations,43436.0,2011-12-30,24.0,Good,6466.02,uma.miller@company.com,88.83,2024-01-01 09:24:19
495,Quincy Brown,HR,92224.0,2017-07-21,55.0,Excellent,,quincy.brown@company.com,71.2,2024-01-18 23:19:02
478,Charlie Smith,Operations,74578.0,2017-03-24,40.0,Below Average,,charlie.smith@company.com,76.85,2024-01-03 02:34:24
225,Grace Martinez,Finance,83525.0,2012-05-18,24.0,Good,8296.94,grace.martinez@company.com,98.5,2024-01-18 06:23:15
169,Hank Brown,Sales,46295.0,2011-04-22,26.0,Below Average,,hank.brown@company.com,99.13,2024-01-10 19:21:31
551,Hank Davis,Marketing,90990.0,2018-08-17,30.0,Good,8615.38,hank.davis@company.com,84.24,2024-01-16 15:12:44
110,Alice Williams,HR,40854.0,2010-03-05,22.0,Average,2881.95,alice.williams@company.com,78.66,2024-01-04 03:30:11
295,Rachel Williams,Sales,72093.0,2013-09-20,23.0,Good,3976.38,rachel.williams@company.com,96.02,2024-01-08 14:55:37
507,Bob Brown,IT,101642.0,2017-10-13,29.0,Below Average,9420.07,bob.brown@company.com,76.32,2024-01-25 07:41:11
185,Jack Miller,HR,117505.0,2011-08-12,43.0,Poor,17029.96,jack.miller@company.com,79.46,2024-01-25 00:54:09
472,Jack Johnson,Finance,97854.0,2017-02-10,53.0,Average,10363.8,jack.johnson@company.com,75.46,2024-01-09 06:30:37
489,Wendy Davis,Marketing,95771.0,2017-06-09,50.0,Below Average,6761.89,wendy.davis@company.com,91.82,2024-01-21 02:35:06
596,Xander Williams,IT,93932.0,2019-06-28,28.0,Excellent,12816.72,xander.williams@company.com,84.92,2024-01-24 13:10:17
131,Bob Miller,HR,55708.0,2010-07-30,59.0,Good,7056.22,bob.miller@company.com,84.86,2024-01-05 04:06:23
417,Olivia Davis,Marketing,81555.0,2016-01-22,30.0,Below Average,,olivia.davis@company.com,95.8,2024-01-29 13:54:46
509,Wendy Brown,IT,61732.0,2017-10-27,24.0,Below Average,6823.95,wendy.brown@company.com,88.95,2024-01-08 19:00:18
591,Wendy Jones,Sales,53456.0,2019-05-24,52.0,Below Average,5252.04,wendy.jones@company.com,75.31,2024-01-19 08:03:28
592,Kathy Johnson,Sales,96397.0,2019-05-31,27.0,Average,,kathy.johnson@company.com,90.78,2024-01-30 22:08:07
381,Quincy Davis,Sales,115353.0,2015-05-15,50.0,Average,,quincy.davis@company.com,81.06,2024-01-24 18:41:40
457,Hank Miller,IT,117052.0,2016-10-28,49.0,Poor,8842.37,hank.miller@company.com,96.84,2024-01-26 15:48:59
177,Uma Smith,HR,101267.0,2011-06-17,33.0,Good,9849.38,uma.smith@company.com,87.89,2024-01-06 18:46:09
562,Quincy Rodriguez,Finance,102292.0,2018-11-02,38.0,Good,9878.88,quincy.rodriguez@company.com,71.18,2024-01-24 21:24:25
598,Bob Davis,Marketing,97091.0,2019-07-12,38.0,Excellent,7025.66,bob.davis@company.com,96.07,2024-01-24 12:10:17
312,Grace Martinez,Finance,56896.0,2014-01-17,35.0,Excellent,6351.19,grace.martinez@company.com,94.96,2024-01-27 19:38:41
202,Mona Garcia,HR,46893.0,2011-12-09,47.0,Poor,,mona.garcia@company.com,93.02,2024-01-26 13:31:26
435,Xander Smith,Operations,72307.0,2016-05-27,47.0,Average,,xander.smith@company.com,72.36,2024-01-04 00:41:05
576,Kathy Garcia,Finance,80943.0,2019-02-08,27.0,Average,5067.55,kathy.garcia@company.com,83.64,2024-01-23 00:42:25
437,Nathan Garcia,Operations,100921.0,2016-06-10,46.0,Below Average,7800.61,nathan.garcia@company.com,73.98,2024-01-13 04:34:58
541,Tina Rodriguez,Sales,95284.0,2018-06-08,32.0,Below Average,10202.01,tina.rodriguez@company.com,94.87,2024-01-28 09:51:23
274,Jack Johnson,HR,72097.0,2013-04-26,25.0,Average,6614.33,jack.johnson@company.com,81.18,2024-01-11 07:38:09
103,Olivia Martinez,Finance,79353.0,2010-01-15,49.0,Below Average,10006.48,olivia.martinez@company.com,71.41,2024-01-28 13:47:58
434,Nathan Davis,Sales,104895.0,2016-05-20,31.0,Below Average,8221.41,nathan.davis@company.com,71.0,2024-01-08 04:05:33
510,David Johnson,Finance,70354.0,2017-11-03,54.0,Poor,,david.johnson@company.com,91.99,2024-01-09 22:19:28
171,Nathan Garcia,Operations,52183.0,2011-05-06,49.0,Poor,3447.42,nathan.garcia@company.com,84.23,2024-01-25 23:41:14
310,Nathan Johnson,IT,114740.0,2014-01-03,52.0,Good,11756.03,nathan.johnson@company.com,74.82,2024-01-26 14:47:04
164,Charlie Davis,Operations,82642.0,2011-03-18,48.0,Poor,,charlie.davis@company.com,97.46,2024-01-18 18:19:39
485,Wendy Garcia,IT,44748.0,2017-05-12,59.0,Good,3417.98,wendy.garcia@company.com,70.92,2024-01-02 09:37:56
194,Mona Garcia,IT,86214.0,2011-10-14,43.0,Excellent,11585.64,mona.garcia@company.com,96.1,2024-01-09 07:35:58
586,Kathy Martinez,Marketing,109172.0,2019-04-19,33.0,Poor,15029.56,kathy.martinez@company.com,99.1,2024-01-29 05:17:47
286,Nathan Miller,IT,55338.0,2013-07-19,57.0,Excellent,4140.55,nathan.miller@company.com,94.74,2024-01-23 18:30:04
134,David Martinez,Operations,96250.0,2010-08-20,36.0,Good,5728.03,david.martinez@company.com,77.39,2024-01-10 20:23:07
178,Yara Rodriguez,Sales,88354.0,2011-06-24,47.0,Good,7415.0,yara.rodriguez@company.com,76.9,2024-01-12 12:11:16
101,Nathan Jones,Finance,91005.0,2010-01-01,53.0,Average,9459.92,nathan.jones@company.com,81.49,2024-01-03 12:48:38
112,Grace Johnson,Finance,47392.0,2010-03-19,51.0,Poor,,grace.johnson@company.com,91.57,2024-01-09 20:16:29
516,Xander Smith,HR,92638.0,2017-12-15,45.0,Poor,8491.78,xander.smith@company.com,99.14,2024-01-06 20:26:41
123,Mona Jones,Marketing,107863.0,2010-06-04,55.0,Poor,,mona.jones@company.com,71.54,2024-01-05 12:32:38
173,Hank Martinez,Marketing,52874.0,2011-05-20,42.0,Below Average,,hank.martinez@company.com,-10.0,2024-01-23 10:58:16
283,Kathy Davis,Sales,71024.0,2013-06-28,59.0,Below Average,8855.35,kathy.davis@company.com,84.85,2024-01-19 01:57:41
232,Xander Miller,HR,40301.0,2012-07-06,58.0,Excellent,3788.28,xander.miller@company.com,88.4,2024-01-06 10:22:39
511,Yara Rodriguez,Operations,53843.0,2017-11-10,49.0,Good,4359.46,yara.rodriguez@company.com,73.95,2024-01-12 03:28:17
294,David Brown,IT,96179.0,2013-09-13,31.0,Good,10399.75,david.brown@company.com,95.52,2024-01-20 06:03:34
156,Olivia Brown,Operations,42049.0,2011-01-21,37.0,Excellent,2207.93,olivia.brown@company.com,76.64,2024-01-23 17:44:26
249,Victor Williams,IT,51093.0,2012-11-02,30.0,Average,2785.43,victor.williams@company.com,97.83,2024-01-17 23:50:02
119,Leo Rodriguez,HR,92662.0,2010-05-07,35.0,Good,7073.55,leo.rodriguez@company.com,76.45,2024-01-07 11:01:21
305,Kathy Williams,Finance,72217.0,2013-11-29,36.0,Average,5436.75,kathy.williams@company.com,70.88,2024-01-26 04:58:28
179,Mona Williams,Marketing,42557.0,2011-07-01,55.0,Below Average,5385.44,mona.williams@company.com,73.62,2024-01-07 19:18:45
595,Quincy Davis,Operations,85106.0,2019-06-21,33.0,Poor,4422.62,quincy.davis@company.com,90.5,2024-01-21 02:45:55
363,Rachel Williams,IT,100890.0,2015-01-09,59.0,Poor,6515.03,rachel.williams@company.com,90.41,2024-01-16 23:25:10
424,Eve Davis,Marketing,119459.0,2016-03-11,58.0,Below Average,,eve.davis@company.com,74.27,2024-01-27 00:10:35
584,Olivia Miller,HR,63574.0,2019-04-05,46.0,Below Average,8788.36,olivia.miller@company.com,76.06,2024-01-20 19:53:48
180,Wendy Williams,Operations,78360.0,2011-07-08,35.0,Below Average,,wendy.williams@company.com,72.31,2024-01-17 17:21:55
140,Ivy Smith,HR,48680.0,2010-10-01,31.0,Poor,5596.43,ivy.smith@company.com,80.83,2024-01-29 03:09:05
552,David Johnson,Operations,115672.0,2018-08-24,55.0,Average,6793.68,david.johnson@company.com,95.33,2024-01-19 06:40:58
147,Jack Smith,HR,79384.0,2010-11-19,55.0,Poor,,jack.smith@company.com,86.26,2024-01-18 07:32:36
339,Kathy Miller,Marketing,69124.0,2014-07-25,35.0,Poor,3783.22,kathy.miller@company.com,88.63,2024-01-04 12:46:03
492,Tina Brown,HR,65470.0,2017-06-30,31.0,Poor,3497.81,tina.brown@company.com,80.38,2024-01-28 04:47:23
453,David Miller,Sales,112267.0,2016-09-30,54.0,Average,10791.63,david.miller@company.com,94.05,2024-01-09 07:07:38
442,Jack Miller,Finance,106703.0,2016-07-15,28.0,Excellent,9659.34,jack.miller@company.com,75.02,2024-01-12 09:50:49
378,Jack Brown,Sales,67350.0,2015-04-24,57.0,Below Average,8926.75,jack.brown@company.com,76.39,2024-01-19 07:51:34
391,David Smith,Operations,47543.0,2015-07-24,57.0,Average,6532.78,david.smith@company.com,88.79,2024-01-27 23:22:27
418,Ivy Johnson,Finance,86959.0,2016-01-29,50.0,Excellent,,ivy.johnson@company.com,93.4,2024-01-17 08:22:22
405,Mona Johnson,Finance,47357.0,2015-10-30,34.0,Below Average,7087.91,mona.johnson@company.com,87.46,2024-01-10 15:01:36
369,Wendy Rodriguez,Marketing,75195.0,2015-02-20,43.0,Below Average,8029.76,wendy.rodriguez@company.com,98.31,2024-01-20 19:21:38
170,Mona Rodriguez,Sales,99040.0,2011-04-29,39.0,Poor,13487.73,mona.rodriguez@company.com,98.33,2024-01-13 22:56:06
556,Victor Davis,Sales,96570.0,2018-09-21,38.0,Poor,6906.11,victor.davis@company.com,76.18,2024-01-31 06:51:58
566,Leo Jones,Marketing,60309.0,2018-11-30,46.0,Average,,leo.jones@company.com,79.48,2024-01-01 10:24:34
255,Nathan Williams,HR,106320.0,2012-12-14,52.0,Poor,14689.62,nathan.williams@company.com,74.62,2024-01-15 10:15:15
183,Charlie Rodriguez,Marketing,86975.0,2011-07-29,30.0,Poor,12867.96,charlie.rodriguez@company.com,91.74,2024-01-06 16:48:46
578,Ivy Miller,Marketing,69189.0,2019-02-22,42.0,Good,7952.99,ivy.miller@company.com,84.67,2024-01-04 09:23:27
273,Jack Davis,IT,53403.0,2013-04-19,47.0,Below Average,4429.49,jack.davis@company.com,82.25,2024-01-12 07:27:53
422,Mona Rodriguez,Finance,79954.0,2016-02-26,44.0,Good,5464.32,mona.rodriguez@company.com,77.26,2024-01-23 17:24:28
191,Xander Davis,IT,43987.0,2011-09-23,29.0,Average,5756.64,xander.davis@company.com,88.48,2024-01-13 22:41:06
281,Quincy Miller,Sales,95609.0,2013-06-14,47.0,Average,13528.55,quincy.miller@company.com,72.28,2024-01-21 09:11:47
515,Charlie Martinez,HR,78413.0,2017-12-08,53.0,Average,6564.63,charlie.martinez@company.com,77.13,2024-01-19 01:49:49
413,Wendy Miller,Sales,500000.0,2015-12-25,58.0,Excellent,47902.45,wendy.miller@company.com,84.4,2024-01-10 13:40:03
379,Victor Brown,Operations,65351.0,2015-05-01,45.0,Excellent,5398.48,victor.brown@company.com,70.93,2024-01-23 09:36:39
482,Victor Williams,IT,95129.0,2017-04-21,23.0,Excellent,,victor.williams@company.com,75.99,2024-01-05 10:57:48
573,Jack Johnson,Finance,48702.0,2019-01-18,44.0,Below Average,,jack.johnson@company.com,98.55,2024-01-27 04:01:42
463,Uma Rodriguez,HR,79081.0,2016-12-09,43.0,Excellent,,uma.rodriguez@company.com,91.95,2024-01-24 21:35:41
425,Victor Brown,Finance,56779.0,2016-03-18,42.0,Average,8012.48,victor.brown@company.com,84.97,2024-01-13 16:27:09
532,Tina Garcia,Finance,101529.0,2018-04-06,40.0,Average,6975.57,tina.garcia@company.com,93.2,2024-01-28 10:02:57
448,Hank Martinez,Marketing,49348.0,2016-08-26,45.0,Average,4692.4,hank.martinez@company.com,71.56,2024-01-16 18:12:14
187,Victor Williams,Operations,101135.0,2011-08-26,38.0,Poor,,victor.williams@company.com,93.72,2024-01-27 21:38:40
176,Eve Miller,HR,93351.0,2011-06-10,26.0,Below Average,10073.99,eve.miller@company.com,71.11,2024-01-19 20:35:24
539,Alice Brown,Sales,78088.0,2018-05-25,26.0,Below Average,8689.56,alice.brown@company.com,85.59,2024-01-02 11:02:02
116,Rachel Davis,Finance,66309.0,2010-04-16,,Average,9714.19,rachel.davis@company.com,89.91,2024-01-27 12:35:48
350,Steve Johnson,HR,105417.0,2014-10-10,35.0,Good,6646.09,steve.johnson@company.com,84.66,2024-01-29 10:20:20
534,Quincy Martinez,Sales,73307.0,2018-04-20,57.0,Average,9347.83,quincy.martinez@company.com,99.09,2024-01-29 15:23:26
120,Leo Miller,IT,52688.0,2010-05-14,23.0,Average,5468.91,leo.miller@company.com,70.94,2024-01-04 16:01:23
423,Uma Smith,Marketing,87280.0,2016-03-04,22.0,Excellent,9894.39,uma.smith@company.com,99.6,2024-01-13 12:38:22
433,Hank Rodriguez,IT,91934.0,2016-05-13,30.0,Poor,6414.22,hank.rodriguez@company.com,80.52,2024-01-07 21:44:30
157,Steve Martinez,Marketing,71616.0,2011-01-28,29.0,Average,5497.64,steve.martinez@company.com,99.63,2024-01-27 18:12:33
402,Leo Jones,Finance,105510.0,2015-10-09,47.0,Good,7270.67,leo.jones@company.com,76.02,2024-01-10 19:18:00
330,Grace Johnson,Operations,112789.0,2014-05-23,26.0,Good,12580.68,grace.johnson@company.com,73.08,2024-01-16 16:53:38
432,Wendy Martinez,HR,99163.0,2016-05-06,15.0,Good,8052.85,wendy.martinez@company.com,72.64,2024-01-12 18:51:19
233,Ivy Jones,Operations,85236.0,2012-07-13,27.0,Good,7888.17,ivy.jones@company.com,200.0,2024-01-06 17:35:11
238,Charlie Martinez,Operations,46102.0,2012-08-17,54.0,Poor,5730.84,charlie.martinez@company.com,88.23,2024-01-22 07:13:29
524,Charlie Smith,HR,50975.0,2018-02-09,52.0,Average,,charlie.smith@company.com,80.78,2024-01-25 13:00:43
436,Alice Johnson,IT,94098.0,2016-06-03,56.0,Good,9628.9,alice.johnson@company.com,81.91,2024-01-22 12:48:53
126,Alice Garcia,IT,74698.0,2010-06-25,39.0,Below Average,8138.77,alice.garcia@company.com,80.03,2024-01-19 08:31:34
565,Eve Miller,IT,102680.0,2018-11-23,23.0,Poor,9247.62,eve.miller@company.com,98.02,2024-01-06 17:38:43
382,Xander Jones,HR,116797.0,2015-05-22,29.0,Poor,16992.52,xander.jones@company.com,95.93,2024-01-29 08:14:58
348,David Brown,Finance,108385.0,2014-09-26,54.0,Good,15273.41,david.brown@company.com,70.66,2024-01-25 19:33:46
338,Xander Garcia,Marketing,100403.0,2014-07-18,29.0,Below Average,9461.77,xander.garcia@company.com,80.38,2024-01-11 07:46:13
218,Hank Johnson,Sales,85714.0,2012-03-30,46.0,Below Average,7734.15,hank.johnson@company.com,71.26,2024-01-25 18:21:33
143,Paul Rodriguez,Sales,77504.0,2010-10-22,38.0,Good,8929.72,paul.rodriguez@company.com,74.1,2024-01-16 00:00:44
321,Steve Johnson,Sales,93222.0,2014-03-21,50.0,Average,13099.99,steve.johnson@company.com,86.2,2024-01-07 02:40:25
277,Uma Rodriguez,Operations,92921.0,2013-05-17,54.0,Excellent,9231.2,uma.rodriguez@company.com,84.88,2024-01-04 04:34:32
421,Paul Davis,IT,106234.0,2016-02-19,32.0,Good,9741.66,paul.davis@company.com,73.15,2024-01-14 09:18:25
254,Jack Johnson,Sales,85017.0,2012-12-07,45.0,Poor,9952.14,jack.johnson@company.com,90.88,2024-01-08 06:22:56
332,Yara Jones,Operations,49435.0,2014-06-06,35.0,Average,2728.22,yara.jones@company.com,90.64,2024-01-28 14:07:35
328,David Johnson,Sales,109042.0,2014-05-09,42.0,Average,10774.57,david.johnson@company.com,88.98,2024-01-04 10:10:52
518,Frank Miller,Sales,108866.0,2017-12-29,53.0,Below Average,8839.24,frank.miller@company.com,95.63,2024-01-03 07:45:32
304,Hank Davis,Operations,65945.0,2013-11-22,32.0,Good,,hank.davis@company.com,96.16,2024-01-30 14:15:43
227,Kathy Martinez,Marketing,72635.0,2012-06-01,57.0,Average,7464.88,kathy.martinez@company.com,72.68,2024-01-08 20:07:37
430,Charlie Johnson,Operations,109896.0,2016-04-22,36.0,Good,7048.37,charlie.johnson@company.com,79.79,2024-01-08 06:34:55
132,Bob Smith,IT,89811.0,2010-08-06,54.0,Below Average,9598.33,bob.smith@company.com,90.65,2024-01-26 06:58:04
214,David Garcia,IT,79790.0,2012-03-02,31.0,Average,5384.51,david.garcia@company.com,80.64,2024-01-20 04:16:44
571,Victor Jones,Finance,58017.0,2019-01-04,50.0,Below Average,,victor.jones@company.com,98.95,2024-01-19 03:47:44
372,Tina Davis,HR,78304.0,2015-03-13,26.0,Average,10858.85,tina.davis@company.com,81.93,2024-01-29 04:26:07
241,Tina Smith,Marketing,74584.0,2012-09-07,27.0,Excellent,9855.06,tina.smith@company.com,75.3,2024-01-17 22:53:44
158,Frank Martinez,Finance,60932.0,2011-02-04,25.0,Below Average,4300.81,frank.martinez@company.com,98.32,2024-01-08 18:25:44
293,David Williams,Operations,98335.0,2013-09-06,44.0,Good,12172.48,david.williams@company.com,89.75,2024-01-16 11:37:36
125,Jack Williams,IT,105733.0,2010-06-18,55.0,Excellent,,jack.williams@company.com,87.91,2024-01-09 00:39:23
118,Frank Rodriguez,Finance,110467.0,2010-04-30,42.0,Average,7160.5,frank.rodriguez@company.com,91.98,2024-01-27 15:14:50
366,Eve Smith,IT,480000.0,2015-01-30,48.0,Good,49240.34,eve.smith@company.com,98.53,2024-01-19 03:58:18
167,Mona Martinez,Finance,106690.0,2011-04-08,40.0,Poor,13968.23,mona.martinez@company.com,78.92,2024-01-06 04:08:33
309,Yara Jones,Sales,41150.0,2013-12-27,51.0,Excellent,2654.65,yara.jones@company.com,92.31,2024-01-07 09:12:05
580,Rachel Miller,Marketing,58384.0,2019-03-08,59.0,Good,5835.09,rachel.miller@company.com,74.19,2024-01-26 07:53:29
195,Kathy Martinez,IT,110271.0,2011-10-21,35.0,Poor,12618.66,kathy.martinez@company.com,70.64,2024-01-27 14:49:11
354,Bob Miller,Finance,81975.0,2014-11-07,28.0,Good,,bob.miller@company.com,78.21,2024-01-18 13:23:51
367,Nathan Rodriguez,Finance,112369.0,2015-02-06,54.0,Below Average,,nathan.rodriguez@company.com,74.53,2024-01-24 00:37:07
124,Uma Smith,Operations,92083.0,2010-06-11,59.0,Good,8772.59,uma.smith@company.com,84.89,2024-01-18 05:58:51
323,Hank Garcia,IT,49662.0,2014-04-04,32.0,Good,5418.04,hank.garcia@company.com,73.21,2024-01-10 10:31:25
362,Xander Williams,Sales,89115.0,2015-01-02,50.0,Average,,xander.williams@company.com,72.47,2024-01-18 09:44:03
527,Olivia Brown,HR,63959.0,2018-03-02,31.0,Excellent,6323.87,olivia.brown@company.com,81.73,2024-01-17 05:09:46
106,Nathan Jones,Finance,105318.0,2010-02-05,47.0,Average,7962.58,rachel.jones@company.com,72.48,2024-01-17 23:27:23
217,Nathan Miller,Finance,114543.0,2012-03-23,47.0,Excellent,,nathan.miller@company.com,77.01,2024-01-22 23:26:23
146,Xander Garcia,Finance,113656.0,2010-11-12,26.0,Good,16644.7,xander.garcia@company.com,75.55,2024-01-03 18:17:08
117,Alice Smith,IT,103734.0,2010-04-23,58.0,Excellent,,alice.smith@company.com,98.1,2024-01-21 04:13:03
563,Frank Johnson,IT,63833.0,2018-11-09,35.0,Poor,3916.0,frank.johnson@company.com,73.66,2024-01-30 19:21:23
458,Ivy Johnson,Finance,84261.0,2016-11-04,42.0,Average,,ivy.johnson@company.com,86.43,2024-01-20 14:39:58
104,Olivia Davis,Finance,102003.0,2010-01-22,52.0,Good,8714.23,olivia.davis@company.com,74.99,2024-01-09 05:16:54
319,Jack Smith,Finance,43343.0,2014-03-07,22.0,Below Average,2362.24,jack.smith@company.com,77.79,2024-01-27 21:09:40
506,Alice Miller,Sales,60559.0,2017-10-06,44.0,Poor,9020.07,alice.miller@company.com,97.37,2024-01-06 20:26:00
161,Olivia Johnson,IT,112694.0,2011-02-25,24.0,Below Average,9272.97,olivia.johnson@company.com,97.76,2024-01-12 05:32:00
211,Ivy Davis,Operations,89377.0,2012-02-10,46.0,Average,,ivy.davis@company.com,92.13,2024-01-20 14:09:13
419,Olivia Williams,IT,40728.0,2016-02-05,35.0,Excellent,2224.96,olivia.williams@company.com,71.19,2024-01-14 06:10:36
529,Leo Miller,Sales,69703.0,2018-03-16,54.0,Average,3722.92,leo.miller@company.com,77.74,2024-01-19 08:15:40
130,David Miller,Finance,91663.0,2010-07-23,55.0,Good,10283.94,david.miller@company.com,91.85,2024-01-11 06:32:42
538,Tina Jones,Sales,87605.0,2018-05-18,22.0,Below Average,7322.81,tina.jones@company.com,75.09,2024-01-30 14:42:02
572,Tina Garcia,Marketing,115880.0,2019-01-11,55.0,Below Average,10772.15,tina.garcia@company.com,70.15,2024-01-19 13:16:23
127,Frank Johnson,Finance,62671.0,2010-07-02,51.0,Below Average,5413.85,frank.johnson@company.com,93.13,2024-01-29 06:02:48
108,Nathan Miller,Sales,107172.0,2010-02-19,24.0,Excellent,,nathan.miller@company.com,77.36,2024-01-07 11:10:50
554,Jack Smith,Sales,98141.0,2018-09-07,43.0,Below Average,6783.97,jack.smith@company.com,87.56,2024-01-10 22:29:25
209,Yara Davis,IT,59738.0,2012-01-27,56.0,Below Average,6434.45,yara.davis@company.com,82.53,2024-01-10 08:28:02
138,Hank Smith,IT,42911.0,2010-09-17,50.0,Poor,,hank.smith@company.com,78.16,2024-01-17 10:23:58
258,Jack Johnson,IT,94748.0,2013-01-04,41.0,Good,13951.64,jack.johnson@company.com,76.71,2024-01-08 07:38:37
590,Ivy Martinez,Operations,93330.0,2019-05-17,48.0,Good,12726.56,ivy.martinez@company.com,96.04,2024-01-06 14:46:59
219,Xander Davis,Finance,96835.0,2012-04-06,38.0,Poor,,xander.davis@company.com,70.54,2024-01-10 12:45:38
215,Ivy Davis,Marketing,45600.0,2012-03-09,38.0,Poor,4292.74,ivy.davis@company.com,78.62,2024-01-16 00:45:45
276,Mona Smith,Finance,50966.0,2013-05-10,41.0,Excellent,3811.46,mona.smith@company.com,91.7,2024-01-26 10:56:42
474,Quincy Rodriguez,Operations,77080.0,2017-02-24,50.0,Excellent,9614.15,quincy.rodriguez@company.com,89.76,2024-01-15 02:13:43
282,Alice Rodriguez,HR,96661.0,2013-06-21,35.0,Poor,7770.99,alice.rodriguez@company.com,95.54,2024-01-26 20:40:05
245,Eve Brown,Finance,91885.0,2012-10-05,32.0,Poor,11956.41,eve.brown@company.com,80.5,2024-01-17 15:00:53
470,Uma Garcia,Operations,82348.0,2017-01-27,44.0,Good,10904.69,uma.garcia@company.com,99.28,2024-01-25 21:42:30
491,David Miller,Operations,53116.0,2017-06-23,53.0,Below Average,3038.85,david.miller@company.com,82.76,2024-01-19 05:02:06
296,Kathy Johnson,Operations,109678.0,2013-09-27,34.0,Poor,,kathy.johnson@company.com,91.25,2024-01-05 03:30:11
505,Alice Miller,HR,74620.0,2017-09-29,45.0,Below Average,4664.31,alice.miller@company.com,87.77,2024-01-29 04:31:52
376,Steve Miller,Sales,43373.0,2015-04-10,34.0,Average,2399.3,steve.miller@company.com,96.82,2024-01-06 15:21:31
555,Jack Davis,HR,63793.0,2018-09-14,45.0,Average,5678.08,jack.davis@company.com,96.05,2024-01-30 20:07:40
242,Uma Rodriguez,IT,72745.0,2012-09-14,27.0,Good,6549.63,uma.rodriguez@company.com,76.61,2024-01-26 05:16:32
466,Xander Garcia,HR,94693.0,2016-12-30,22.0,Poor,6223.8,xander.garcia@company.com,77.41,2024-01-15 05:56:31
168,Alice Miller,IT,44499.0,2011-04-15,42.0,Poor,3745.21,alice.miller@company.com,97.73,2024-01-29 03:00:04
311,Grace Rodriguez,IT,106617.0,2014-01-10,26.0,Poor,10212.19,grace.rodriguez@company.com,94.54,2024-01-14 23:36:31
269,Jack Davis,HR,46655.0,2013-03-22,29.0,Excellent,5453.56,jack.davis@company.com,94.29,2024-01-02 05:11:39
594,Ivy Martinez,IT,74816.0,2019-06-14,55.0,Poor,9317.46,ivy.martinez@company.com,98.34,2024-01-25 11:22:18
476,Wendy Brown,Sales,75909.0,2017-03-10,51.0,Average,8963.96,wendy.brown@company.com,86.66,2024-01-14 10:09:06
501,Xander Martinez,IT,73591.0,2017-09-01,50.0,Good,3880.07,xander.martinez@company.com,96.2,2024-01-10 14:13:22
373,Xander Miller,Finance,109449.0,2015-03-20,31.0,Below Average,,xander.miller@company.com,78.23,2024-01-09 03:22:51
210,Bob Davis,Sales,70746.0,2012-02-03,36.0,Excellent,,bob.davis@company.com,82.64,2024-01-02 14:27:38
349,Frank Garcia,Operations,80158.0,2014-10-03,23.0,Below Average,,frank.garcia@company.com,79.71,2024-01-02 04:34:20
246,Kathy Garcia,Operations,76631.0,2012-10-12,51.0,Average,5941.74,kathy.garcia@company.com,71.74,2024-01-27 09:33:42
193,Alice Williams,Marketing,62399.0,2011-10-07,36.0,Good,3690.49,alice.williams@company.com,70.73,2024-01-26 15:49:16
253,Tina Williams,IT,50729.0,2012-11-30,57.0,Poor,4354.04,tina.williams@company.com,92.75,2024-01-28 10:53:00
468,Quincy Jones,Operations,68295.0,2017-01-13,34.0,Excellent,9214.86,quincy.jones@company.com,96.15,2024-01-19 21:08:14
568,Nathan Williams,Finance,112474.0,2018-12-14,43.0,Poor,15061.46,nathan.williams@company.com,71.25,2024-01-10 18:35:18
184,Yara Garcia,Sales,61357.0,2011-08-05,47.0,Below Average,7330.94,yara.garcia@company.com,71.96,2024-01-25 09:28:52
346,David Johnson,Finance,63049.0,2014-09-12,46.0,Poor,8240.24,david.johnson@company.com,92.75,2024-01-29 05:10:54
266,Bob Brown,HR,110316.0,2013-03-01,23.0,Excellent,15712.09,bob.brown@company.com,96.66,2024-01-28 08:29:59
264,Tina Smith,Operations,50647.0,2013-02-15,51.0,Below Average,4880.53,tina.smith@company.com,77.97,2024-01-23 22:53:10
300,Bob Jones,Marketing,57019.0,2013-10-25,58.0,Below Average,4506.4,bob.jones@company.com,88.56,2024-01-06 03:57:24
329,Paul Williams,Sales,53284.0,2014-05-16,58.0,Below Average,6435.53,paul.williams@company.com,97.96,2024-01-04 20:53:46
175,Ivy Williams,HR,45539.0,2011-06-03,22.0,Excellent,6117.2,ivy.williams@company.com,94.87,2024-01-24 03:52:24
579,Yara Jones,Operations,52763.0,2019-03-01,57.0,Excellent,,yara.jones@company.com,90.01,2024-01-25 07:32:03
459,Paul Miller,Marketing,41542.0,2016-11-11,28.0,Poor,,paul.miller@company.com,94.52,2024-01-22 02:27:35
351,Quincy Davis,Marketing,63289.0,2014-10-17,27.0,Average,,quincy.davis@company.com,93.11,2024-01-25 13:09:34
220,Jack Davis,Finance,113744.0,2012-04-13,34.0,Average,5834.58,jack.davis@company.com,99.63,2024-01-30 07:51:31
411,Bob Garcia,IT,111180.0,2015-12-11,25.0,Poor,7723.53,bob.garcia@company.com,72.17,2024-01-08 18:09:05
400,Rachel Miller,Marketing,77841.0,2015-09-25,29.0,Good,6178.87,rachel.miller@company.com,90.57,2024-01-29 23:56:51
356,Olivia Smith,IT,56364.0,2014-11-21,36.0,Good,5293.43,olivia.smith@company.com,82.79,2024-01-17 10:58:52
455,Leo Miller,IT,63625.0,2016-10-14,43.0,Excellent,5603.6,leo.miller@company.com,94.44,2024-01-29 02:20:36
500,Alice Brown,IT,63960.0,2017-08-25,28.0,Good,3472.61,alice.brown@company.com,84.6,2024-01-28 04:41:54
326,Victor Martinez,HR,113666.0,2014-04-25,51.0,Average,12992.85,victor.martinez@company.com,98.89,2024-01-26 03:57:27
454,Bob Garcia,Marketing,88136.0,2016-10-07,50.0,Average,6502.11,bob.garcia@company.com,80.18,2024-01-25 18:10:13
335,Alice Johnson,Operations,118832.0,2014-06-27,46.0,Good,10074.75,alice.johnson@company.com,91.25,2024-01-10 10:07:24
483,Olivia Miller,Finance,55485.0,2017-04-28,49.0,Average,6164.33,olivia.miller@company.com,90.41,2024-01-24 14:11:07
375,Victor Jones,Marketing,78494.0,2015-04-03,59.0,Below Average,5053.91,victor.jones@company.com,82.28,2024-01-06 18:29:38
137,Leo Garcia,Finance,51411.0,2010-09-10,26.0,Excellent,,leo.garcia@company.com,90.84,2024-01-02 09:15:45
297,Mona Smith,IT,79734.0,2013-10-04,23.0,Poor,8291.73,mona.smith@company.com,95.11,2024-01-06 18:05:53
240,Yara Davis,IT,66641.0,2012-08-31,42.0,Poor,,yara.davis@company.com,76.92,2024-01-13 06:20:11
465,Yara Williams,Finance,59065.0,2016-12-23,28.0,Average,5009.15,yara.williams@company.com,71.81,2024-01-21 21:14:37
345,Rachel Johnson,IT,66646.0,2014-09-05,54.0,Excellent,6712.33,rachel.johnson@company.com,73.9,2024-01-22 08:07:39
540,Yara Miller,Marketing,118752.0,2018-06-01,41.0,Poor,14885.01,yara.miller@company.com,80.11,2024-01-26 05:29:25
387,Uma Smith,Finance,78513.0,2015-06-26,23.0,Average,8183.18,uma.smith@company.com,93.3,2024-01-05 10:21:50
160,Xander Williams,Finance,101434.0,2011-02-18,46.0,Poor,13678.33,xander.williams@company.com,91.17,2024-01-30 03:06:40
212,Uma Jones,Sales,88404.0,2012-02-17,58.0,Poor,9572.7,uma.jones@company.com,77.16,2024-01-25 17:25:18
190,Wendy Garcia,Sales,63328.0,2011-09-16,22.0,Below Average,7875.05,wendy.garcia@company.com,96.58,2024-01-06 18:41:14
537,Wendy Rodriguez,Operations,60159.0,2018-05-11,23.0,Average,6500.43,wendy.rodriguez@company.com,72.2,2024-01-18 22:10:39
107,Eve Garcia,HR,63664.0,2010-02-12,55.0,Below Average,3337.79,eve.garcia@company.com,88.09,2024-01-22 10:52:10
461,Quincy Smith,Sales,86732.0,2016-11-25,41.0,Excellent,5385.9,quincy.smith@company.com,89.31,2024-01-04 17:31:31
447,Steve Garcia,IT,51174.0,2016-08-19,38.0,Good,3273.3,steve.garcia@company.com,98.09,2024-01-01 22:48:46
439,Kathy Garcia,Finance,48335.0,2016-06-24,32.0,Excellent,2508.73,kathy.garcia@company.com,90.68,2024-01-13 04:14:58
259,Wendy Smith,Operations,45801.0,2013-01-11,49.0,Poor,4808.76,wendy.smith@company.com,86.11,2024-01-01 20:04:44
251,Charlie Williams,Finance,75777.0,2012-11-16,52.0,Below Average,7709.94,charlie.williams@company.com,75.22,2024-01-18 13:20:32
278,Steve Miller,Operations,89726.0,2013-05-24,41.0,Average,6473.02,steve.miller@company.com,72.43,2024-01-19 16:14:23
494,Yara Miller,Finance,82918.0,2017-07-14,40.0,Below Average,8516.06,yara.miller@company.com,99.63,2024-01-27 04:42:52
285,Wendy Williams,Sales,93006.0,2013-07-12,32.0,Excellent,6509.94,wendy.williams@company.com,87.77,2024-01-06 09:44:28
550,Ivy Smith,Finance,110340.0,2018-08-10,51.0,Below Average,6746.82,ivy.smith@company.com,89.91,2024-01-15 00:17:35
111,Nathan Garcia,Sales,,2010-03-12,26.0,Poor,5316.06,nathan.garcia@company.com,80.67,2024-01-17 19:22:17
481,Frank Davis,Marketing,65289.0,2017-04-14,35.0,Poor,9786.53,frank.davis@company.com,89.51,2024-01-10 07:53:46
204,Paul Smith,Marketing,87333.0,2011-12-23,28.0,Good,5581.31,paul.smith@company.com,84.4,2024-01-29 14:28:46
182,Jack Smith,IT,108497.0,2011-07-22,48.0,Average,12208.66,jack.smith@company.com,80.2,2024-01-15 00:43:42
139,Olivia Miller,Finance,107270.0,2010-09-24,25.0,Excellent,,olivia.miller@company.com,87.71,2024-01-13 08:19:12
415,Eve Brown,IT,95069.0,2016-01-08,49.0,Excellent,7756.31,eve.brown@company.com,78.75,2024-01-27 11:03:26
268,Charlie Rodriguez,Sales,117575.0,2013-03-15,32.0,Excellent,11525.13,charlie.rodriguez@company.com,95.86,2024-01-22 04:55:57
570,Grace Johnson,Marketing,60384.0,2018-12-28,47.0,Below Average,7067.58,grace.johnson@company.com,99.6,2024-01-12 16:50:49
397,Jack Garcia,IT,75735.0,2015-09-04,31.0,Poor,,jack.garcia@company.com,84.45,2024-01-27 20:42:08
575,Bob Martinez,Marketing,40404.0,2019-02-01,32.0,Below Average,5756.12,bob.martinez@company.com,96.04,2024-01-02 03:48:14
299,David Garcia,Operations,113523.0,2013-10-18,22.0,Good,7739.16,david.garcia@company.com,90.4,2024-01-09 07:01:19
398,Tina Miller,IT,87295.0,2015-09-11,59.0,Poor,9062.7,tina.miller@company.com,73.52,2024-01-16 01:08:18
517,Alice Smith,HR,92736.0,2017-12-22,35.0,Poor,11971.23,alice.smith@company.com,75.43,2024-01-29 01:44:24
247,Nathan Jones,IT,112991.0,2012-10-19,52.0,Good,9984.64,nathan.jones@company.com,99.07,2024-01-06 03:44:29
493,Olivia Smith,IT,82344.0,2017-07-07,31.0,Poor,12078.71,olivia.smith@company.com,81.13,2024-01-07 21:48:03
248,Victor Smith,Marketing,44014.0,2012-10-26,45.0,Excellent,,victor.smith@company.com,96.51,2024-01-21 11:21:49
548,Paul Davis,Marketing,96178.0,2018-07-27,58.0,Excellent,11716.02,paul.davis@company.com,71.1,2024-01-04 09:05:58
388,Mona Williams,Marketing,66092.0,2015-07-03,48.0,Average,,mona.williams@company.com,93.13,2024-01-20 15:59:46
224,Jack Williams,Marketing,76212.0,2012-05-11,31.0,Excellent,,jack.williams@company.com,76.55,2024-01-12 01:39:33
469,Charlie Jones,HR,53807.0,2017-01-20,51.0,Average,6732.53,charlie.jones@company.com,76.58,2024-01-31 03:04:05
197,David Garcia,Operations,110091.0,2011-11-04,49.0,Excellent,15232.39,david.garcia@company.com,85.87,2024-01-14 06:59:15
244,Frank Martinez,Finance,106105.0,2012-09-28,51.0,Below Average,8109.87,frank.martinez@company.com,93.39,2024-01-11 07:54:34
340,Xander Garcia,IT,83919.0,2014-08-01,53.0,Poor,9149.46,xander.garcia@company.com,71.37,2024-01-18 06:40:10
543,Uma Brown,IT,75547.0,2018-06-22,24.0,Average,,uma.brown@company.com,77.46,2024-01-04 07:58:20
198,Quincy Williams,Finance,80818.0,2011-11-11,44.0,Excellent,12027.67,quincy.williams@company.com,98.17,2024-01-17 00:44:52
508,Wendy Rodriguez,Sales,116539.0,2017-10-20,58.0,Good,9978.0,wendy.rodriguez@company.com,88.69,2024-01-07 22:01:43
223,Jack Martinez,HR,83484.0,2012-05-04,25.0,Excellent,5282.03,jack.martinez@company.com,90.39,2024-01-31 02:12:51
284,Charlie Rodriguez,IT,110313.0,2013-07-05,58.0,Good,7350.71,charlie.rodriguez@company.com,84.42,2024-01-30 09:44:15
303,Jack Williams,HR,68251.0,2013-11-15,30.0,Average,7384.66,jack.williams@company.com,96.43,2024-01-19 11:39:00
347,Nathan Miller,HR,119605.0,2014-09-19,38.0,Poor,14375.4,nathan.miller@company.com,70.74,2024-01-09 07:50:54
406,Alice Smith,IT,72479.0,2015-11-06,39.0,Excellent,8749.44,alice.smith@company.com,78.07,2024-01-26 15:36:47
399,Kathy Davis,Sales,57955.0,2015-09-18,27.0,Excellent,,kathy.davis@company.com,73.76,2024-01-13 17:37:54
452,Jack Rodriguez,Finance,46801.0,2016-09-23,45.0,Average,6064.05,jack.rodriguez@company.com,91.42,2024-01-17 19:15:06
487,Steve Jones,HR,43709.0,2017-05-26,22.0,Poor,4491.77,steve.jones@company.com,83.88,2024-01-24 20:15:05
496,Kathy Johnson,IT,79298.0,2017-07-28,54.0,Poor,4957.98,kathy.johnson@company.com,96.01,2024-01-01 16:50:25
385,Olivia Brown,Finance,60358.0,2015-06-12,25.0,Below Average,,olivia.brown@company.com,75.57,2024-01-10 15:54:44
226,Ivy Rodriguez,Sales,87202.0,2012-05-25,39.0,Good,,ivy.rodriguez@company.com,93.59,2024-01-04 17:47:54
403,Yara Garcia,Finance,74911.0,2015-10-16,33.0,Good,4453.85,yara.garcia@company.com,84.75,2024-01-16 17:08:35
324,Yara Miller,HR,56964.0,2014-04-11,58.0,Below Average,5954.5,yara.miller@company.com,92.83,2024-01-15 11:41:41
519,Rachel Brown,HR,59087.0,2018-01-05,37.0,Good,,rachel.brown@company.com,84.77,2024-01-29 22:37:58
320,Leo Davis,Finance,53500.0,2014-03-14,43.0,Poor,3240.84,leo.davis@company.com,89.02,2024-01-28 04:46:33
230,Kathy Miller,IT,58711.0,2012-06-22,29.0,Below Average,4729.12,kathy.miller@company.com,98.34,2024-01-15 15:46:26
521,Victor Brown,Marketing,64504.0,2018-01-19,58.0,Good,4671.46,victor.brown@company.com,96.12,2024-01-11 02:12:57
390,Victor Johnson,IT,40412.0,2015-07-17,57.0,Poor,4749.87,victor.johnson@company.com,92.83,2024-01-31 05:23:37
545,Jack Brown,Operations,74349.0,2018-07-06,33.0,Below Average,7904.84,jack.brown@company.com,91.2,2024-01-28 13:55:54
477,Olivia Martinez,Finance,59870.0,2017-03-17,37.0,Good,8809.66,olivia.martinez@company.com,91.58,2024-01-06 05:00:31
392,Quincy Jones,Finance,73496.0,2015-07-31,47.0,Good,7260.56,quincy.jones@company.com,73.94,2024-01-21 11:54:09
456,Leo Miller,Operations,112592.0,2016-10-21,47.0,Good,9510.78,leo.miller@company.com,72.4,2024-01-25 16:41:54
395,Xander Davis,Marketing,78756.0,2015-08-21,41.0,Average,6442.34,xander.davis@company.com,88.5,2024-01-25 10:29:47
497,Olivia Miller,Sales,101629.0,2017-08-04,44.0,Poor,,olivia.miller@company.com,87.36,2024-01-03 03:44:29
441,Rachel Martinez,Operations,100566.0,2016-07-08,23.0,Below Average,8222.11,rachel.martinez@company.com,76.0,2024-01-10 04:47:16
213,Alice Smith,Marketing,94045.0,2012-02-24,49.0,Poor,11140.83,alice.smith@company.com,73.31,2024-01-16 21:09:20
280,Grace Jones,Marketing,62677.0,2013-06-07,22.0,Good,,grace.jones@company.com,90.5,2024-01-03 20:51:58
408,Bob Jones,Sales,84811.0,2015-11-20,54.0,Below Average,6651.03,bob.jones@company.com,79.31,2024-01-22 09:27:29
533,Mona Johnson,Operations,71921.0,2018-04-13,40.0,Below Average,9606.45,mona.johnson@company.com,73.93,2024-01-07 05:41:19
588,Frank Smith,Sales,44809.0,2019-05-03,43.0,Good,6052.68,frank.smith@company.com,90.18,2024-01-19 01:32:16
582,Victor Miller,Sales,49860.0,2019-03-22,38.0,Average,4593.02,victor.miller@company.com,79.24,2024-01-03 23:16:38
523,Steve Martinez,IT,118859.0,2018-02-02,35.0,Poor,16749.03,steve.martinez@company.com,85.44,2024-01-15 05:33:55
334,Ivy Williams,IT,84078.0,2014-06-20,25.0,Excellent,10487.72,ivy.williams@company.com,79.03,2024-01-06 04:39:55
412,Wendy Martinez,Marketing,83286.0,2015-12-18,26.0,Excellent,7818.48,wendy.martinez@company.com,81.77,2024-01-20 10:01:38
265,Paul Jones,Marketing,48716.0,2013-02-22,59.0,Poor,2828.53,paul.jones@company.com,73.89,2024-01-11 07:39:46
237,David Brown,IT,50492.0,2012-08-10,58.0,Below Average,5763.37,david.brown@company.com,89.49,2024-01-03 10:50:08
298,Uma Davis,Sales,112615.0,2013-10-11,41.0,Poor,13125.71,uma.davis@company.com,90.92,2024-01-29 09:18:09
359,Frank Davis,IT,91991.0,2014-12-12,51.0,Average,11681.09,frank.davis@company.com,93.84,2024-01-05 13:26:55
333,Jack Jones,Sales,94340.0,2014-06-13,47.0,Good,11955.5,jack.jones@company.com,72.04,2024-01-29 02:37:58
216,Eve Jones,Marketing,80764.0,2012-03-16,43.0,Good,11525.77,eve.jones@company.com,78.89,2024-01-27 14:45:53
221,Xander Rodriguez,Marketing,96491.0,2012-04-20,41.0,Excellent,9019.01,xander.rodriguez@company.com,82.83,2024-01-17 06:04:33
450,Hank Smith,Operations,78102.0,2016-09-09,28.0,Good,7864.68,hank.smith@company.com,91.27,2024-01-25 18:17:04
325,Grace Jones,Finance,99638.0,2014-04-18,35.0,Excellent,13443.38,grace.jones@company.com,86.24,2024-01-18 06:03:56
503,Paul Davis,Operations,76395.0,2017-09-15,22.0,Below Average,,paul.davis@company.com,82.65,2024-01-24 12:16:01
498,Kathy Martinez,IT,106040.0,2017-08-11,49.0,Poor,,kathy.martinez@company.com,83.16,2024-01-13 10:07:32
228,Alice Davis,HR,103208.0,2012-06-08,43.0,Average,14685.61,alice.davis@company.com,82.53,2024-01-26 12:32:19
386,Olivia Rodriguez,Operations,43267.0,2015-06-19,33.0,Below Average,2429.34,olivia.rodriguez@company.com,96.06,2024-01-24 07:22:43
512,Eve Brown,Marketing,111726.0,2017-11-17,29.0,Good,11650.49,eve.brown@company.com,91.47,2024-01-04 10:39:58
208,Rachel Smith,IT,45895.0,2012-01-20,59.0,Excellent,3106.48,rachel.smith@company.com,93.05,2024-01-14 07:58:33
471,Grace Davis,Marketing,66432.0,2017-02-03,40.0,Poor,,grace.davis@company.com,80.11,2024-01-16 01:31:47
426,Victor Johnson,Finance,103932.0,2016-03-25,47.0,Good,5974.67,victor.johnson@company.com,88.54,2024-01-15 19:59:07
234,Olivia Martinez,Finance,106235.0,2012-07-20,47.0,Below Average,10579.48,olivia.martinez@company.com,99.74,2024-01-16 21:59:49
553,Yara Miller,Marketing,105545.0,2018-08-31,56.0,Good,,yara.miller@company.com,94.17,2024-01-17 11:25:30
145,Jack Rodriguez,Sales,48155.0,2010-11-05,45.0,Excellent,5573.46,jack.rodriguez@company.com,83.38,2024-01-29 00:24:59
561,Quincy Williams,Finance,48415.0,2018-10-26,38.0,Average,7220.06,quincy.williams@company.com,98.1,2024-01-20 15:43:15
166,Grace Rodriguez,Finance,91407.0,2011-04-01,53.0,Excellent,8704.72,grace.rodriguez@company.com,90.92,2024-01-24 01:34:45
384,Olivia Miller,Operations,97458.0,2015-06-05,50.0,Below Average,9497.53,olivia.miller@company.com,99.05,2024-01-18 23:53:35
186,Jack Martinez,Operations,42869.0,2011-08-19,51.0,Below Average,4086.76,jack.martinez@company.com,86.18,2024-01-02 01:43:27
343,Quincy Johnson,IT,96573.0,2014-08-22,44.0,Poor,11458.75,quincy.johnson@company.com,99.07,2024-01-22 13:51:43
287,Steve Johnson,Finance,108027.0,2013-07-26,34.0,Average,8872.35,steve.johnson@company.com,80.43,2024-01-11 06:08:45
484,Kathy Jones,IT,84482.0,2017-05-05,51.0,Excellent,8626.44,kathy.jones@company.com,72.17,2024-01-21 05:54:04
260,Nathan Davis,Marketing,59190.0,2013-01-18,32.0,Below Average,6398.19,nathan.davis@company.com,87.79,2024-01-17 08:09:45
113,Rachel Smith,Finance,95680.0,2010-03-26,51.0,Good,13764.07,rachel.smith@company.com,78.91,2024-01-06 01:45:17
136,Bob Williams,Finance,74754.0,2010-09-03,38.0,Poor,,bob.williams@company.com,93.98,2024-01-08 16:58:19
129,Nathan Garcia,IT,82107.0,2010-07-16,48.0,Excellent,8738.07,nathan.garcia@company.com,72.25,2024-01-18 05:30:43
271,Rachel Miller,Sales,116429.0,2013-04-05,26.0,Excellent,13357.19,rachel.miller@company.com,86.53,2024-01-14 18:22:48
243,Steve Smith,HR,63093.0,2012-09-21,25.0,Below Average,4295.29,steve.smith@company.com,75.59,2024-01-09 21:35:48
499,David Martinez,Operations,68016.0,2017-08-18,53.0,Average,7563.48,david.martinez@company.com,91.76,2024-01-24 04:10:53
443,Ivy Johnson,HR,67192.0,2016-07-22,39.0,Below Average,8340.54,ivy.johnson@company.com,73.14,2024-01-27 19:20:25
322,Olivia Martinez,Operations,69375.0,2014-03-28,29.0,Good,7391.83,olivia.martinez@company.com,93.4,2024-01-10 17:39:49
196,Grace Johnson,Finance,84064.0,2011-10-28,47.0,Excellent,7824.12,grace.johnson@company.com,96.24,2024-01-24 11:13:45
152,Charlie Williams,IT,56646.0,2010-12-24,44.0,Excellent,7927.37,charlie.williams@company.com,90.77,2024-01-15 12:19:47
341,Wendy Brown,Operations,75247.0,2014-08-08,59.0,Excellent,7118.76,wendy.brown@company.com,96.15,2024-01-25 03:21:50
585,Eve Miller,IT,63524.0,2019-04-12,59.0,Poor,3180.79,eve.miller@company.com,90.2,2024-01-26 07:41:57
479,Uma Garcia,Operations,112124.0,2017-03-31,39.0,Average,10140.81,uma.garcia@company.com,99.89,2024-01-19 15:32:18
279,Xander Williams,Operations,90300.0,2013-05-31,33.0,Below Average,12157.79,xander.williams@company.com,76.61,2024-01-25 21:58:49
142,Ivy Rodriguez,Sales,51111.0,2010-10-15,31.0,Below Average,5084.71,ivy.rodriguez@company.com,97.52,2024-01-04 08:10:15
599,Bob Brown,Operations,61949.0,2019-07-19,47.0,Excellent,7495.16,bob.brown@company.com,87.12,2024-01-26 23:34:02
522,Rachel Miller,Sales,47114.0,2018-01-26,42.0,Poor,3288.32,rachel.miller@company.com,83.36,2024-01-29 04:31:07
307,Tina Miller,Finance,45949.0,2013-12-13,59.0,Below Average,6445.84,tina.miller@company.com,73.87,2024-01-05 19:03:36
383,Wendy Miller,IT,105953.0,2015-05-29,26.0,Average,,wendy.miller@company.com,84.2,2024-01-09 05:06:39
355,Xander Rodriguez,Operations,49540.0,2014-11-14,29.0,Poor,2636.27,xander.rodriguez@company.com,99.91,2024-01-29 22:52:33
513,David Brown,IT,57640.0,2017-11-24,55.0,Excellent,,david.brown@company.com,97.27,2024-01-30 04:59:47
105,Quincy Miller,Operations,92733.0,2010-01-29,29.0,Excellent,9940.47,quincy.miller@company.com,92.14,2024-01-28 19:24:59
357,Eve Johnson,IT,44611.0,2014-11-28,50.0,Below Average,2412.31,eve.johnson@company.com,83.54,2024-01-09 20:28:24
549,Yara Garcia,HR,89407.0,2018-08-03,59.0,Good,,yara.garcia@company.com,150.0,2024-01-12 10:17:23
201,Alice Davis,Finance,57429.0,2011-12-02,23.0,Average,8527.71,alice.davis@company.com,80.52,2024-01-13 06:18:02
327,Charlie Rodriguez,IT,107215.0,2014-05-02,90.0,Good,14748.77,charlie.rodriguez@company.com,80.26,2024-01-20 01:50:55
530,Hank Brown,HR,49337.0,2018-03-23,44.0,Poor,,hank.brown@company.com,89.7,2024-01-21 16:43:41
314,Kathy Johnson,HR,47805.0,2014-01-31,30.0,Poor,,kathy.johnson@company.com,70.19,2024-01-28 03:49:40
272,Rachel Johnson,HR,95766.0,2013-04-12,27.0,Poor,8008.75,rachel.johnson@company.com,72.61,2024-01-15 14:56:01
199,David Martinez,HR,85525.0,2011-11-18,35.0,Poor,12334.17,david.martinez@company.com,93.96,2024-01-25 23:41:27
393,Leo Williams,IT,100692.0,2015-08-07,48.0,Average,6713.68,leo.williams@company.com,70.98,2024-01-22 01:09:34
316,Hank Brown,HR,60056.0,2014-02-14,33.0,Good,8686.19,hank.brown@company.com,88.51,2024-01-11 04:08:19
162,Ivy Garcia,Marketing,83016.0,2011-03-04,53.0,Below Average,8402.62,ivy.garcia@company.com,75.42,2024-01-12 14:47:25
148,Nathan Rodriguez,IT,87254.0,2010-11-26,27.0,Excellent,11159.41,nathan.rodriguez@company.com,96.19,2024-01-16 19:38:02
133,Eve Miller,Operations,42811.0,2010-08-13,45.0,Excellent,4837.64,eve.miller@company.com,83.04,2024-01-25 22:04:19
368,Paul Jones,Sales,51938.0,2015-02-13,25.0,Excellent,7475.12,paul.jones@company.com,82.97,2024-01-08 01:28:34
428,Leo Jones,IT,2000.0,2016-04-08,44.0,Average,202.2,leo.jones@company.com,86.79,2024-01-07 12:47:58
301,Eve Brown,Marketing,113847.0,2013-11-01,30.0,Average,16497.91,eve.brown@company.com,92.58,2024-01-27 22:10:13
547,Xander Davis,Operations,45713.0,2018-07-20,26.0,Good,6238.0,xander.davis@company.com,75.03,2024-01-26 19:42:11
128,Ivy Williams,HR,65184.0,2010-07-09,36.0,Average,4267.3,ivy.williams@company.com,73.2,2024-01-28 07:02:55
525,Uma Davis,IT,51023.0,2018-02-16,39.0,Poor,4595.94,uma.davis@company.com,87.79,2024-01-09 23:04:35
331,Xander Miller,Marketing,101389.0,2014-05-30,40.0,Good,6274.45,xander.miller@company.com,98.12,2024-01-03 13:21:03
361,Xander Rodriguez,Operations,70977.0,2014-12-26,57.0,Good,6648.35,xander.rodriguez@company.com,76.62,2024-01-06 13:20:14
389,Grace Miller,Sales,51338.0,2015-07-10,52.0,Average,2588.89,grace.miller@company.com,95.34,2024-01-20 05:02:21
263,Nathan Garcia,HR,69592.0,2013-02-08,27.0,Below Average,7835.24,nathan.garcia@company.com,96.32,2024-01-19 03:16:33
526,Kathy Jones,Finance,61447.0,2018-02-23,28.0,Below Average,,kathy.jones@company.com,74.91,2024-01-15 12:37:53
239,Hank Brown,HR,90336.0,2012-08-24,43.0,Good,5207.76,hank.brown@company.com,85.38,2024-01-23 20:32:36
163,Grace Jones,Operations,47400.0,2011-03-11,24.0,Good,,grace.jones@company.com,87.04,2024-01-01 11:09:18
236,Jack Johnson,IT,105726.0,2012-08-03,27.0,Average,14420.86,jack.johnson@company.com,98.28,2024-01-18 19:54:53
229,Jack Martinez,Marketing,73828.0,2012-06-15,55.0,Excellent,4944.9,jack.martinez@company.com,96.37,2024-01-25 02:48:57
577,Wendy Davis,Finance,87926.0,2019-02-15,39.0,Below Average,11643.25,wendy.davis@company.com,85.47,2024-01-05 22:22:02
109,Grace Brown,IT,66736.0,2010-02-26,33.0,Excellent,,grace.brown@company.com,81.68,2024-01-08 08:24:15
427,Quincy Smith,Operations,112936.0,2016-04-01,57.0,Average,16066.06,quincy.smith@company.com,91.07,2024-01-12 20:13:49
564,Nathan Smith,Operations,44158.0,2018-11-16,30.0,Excellent,5223.14,nathan.smith@company.com,83.57,2024-01-27 08:56:35
165,Yara Martinez,Marketing,55151.0,2011-03-25,50.0,Excellent,5036.29,yara.martinez@company.com,71.02,2024-01-26 21:42:14
401,Nathan Garcia,Marketing,110640.0,2015-10-02,44.0,Good,10463.44,nathan.garcia@company.com,82.91,2024-01-15 17:18:43
115,Xander Garcia,Operations,90859.0,2010-04-09,44.0,Poor,,xander.garcia@company.com,84.28,2024-01-27 23:32:40
257,Paul Rodriguez,Operations,118069.0,2012-12-28,23.0,Poor,14485.26,paul.rodriguez@company.com,76.73,2024-01-30 00:03:59
141,Charlie Johnson,Marketing,111295.0,2010-10-08,38.0,Below Average,,charlie.johnson@company.com,72.75,2024-01-07 22:01:17
480,Uma Martinez,HR,66790.0,2017-04-07,22.0,Poor,5282.79,uma.martinez@company.com,99.24,2024-01-08 16:00:56
569,Olivia Garcia,Operations,86540.0,2018-12-21,25.0,Average,8802.49,olivia.garcia@company.com,74.45,2024-01-03 12:04:14
504,Nathan Jones,Marketing,62700.0,2017-09-22,24.0,Excellent,3412.37,nathan.jones@company.com,78.3,2024-01-21 17:32:29
317,Xander Miller,HR,85543.0,2014-02-21,56.0,Average,,xander.miller@company.com,99.44,2024-01-13 01:15:29
380,Grace Martinez,Finance,55305.0,2015-05-08,36.0,Excellent,2939.99,grace.martinez@company.com,89.55,2024-01-12 20:37:39
535,Steve Williams,Sales,67355.0,2018-04-27,50.0,Excellent,,steve.williams@company.com,83.61,2024-01-04 10:27:58
531,Alice Brown,IT,86427.0,2018-03-30,42.0,Below Average,,alice.brown@company.com,79.76,2024-01-04 00:15:03
438,Steve Johnson,IT,45486.0,2016-06-17,47.0,Good,3749.74,steve.johnson@company.com,87.03,2024-01-13 10:34:57
337,Ivy Rodriguez,Finance,118781.0,2014-07-11,39.0,Below Average,10415.94,ivy.rodriguez@company.com,87.47,2024-01-03 20:15:50
308,David Johnson,IT,91990.0,2013-12-20,56.0,Poor,9627.66,david.johnson@company.com,80.05,2024-01-16 11:08:07
313,Tina Miller,Sales,86175.0,2014-01-24,32.0,Excellent,5067.3,tina.miller@company.com,85.22,2024-01-14 10:25:02
396,Grace Jones,Operations,58888.0,2015-08-28,32.0,Average,7452.12,grace.jones@company.com,93.9,2024-01-16 11:15:16
558,Bob Martinez,IT,41015.0,2018-10-05,51.0,Average,,bob.martinez@company.com,78.09,2024-01-18 16:46:26
352,Frank Miller,Operations,49823.0,2014-10-24,27.0,Average,4385.38,frank.miller@company.com,90.5,2024-01-23 01:20:36
589,Hank Brown,Sales,72201.0,2019-05-10,42.0,Excellent,4146.77,hank.brown@company.com,83.31,2024-01-21 07:44:54
587,Charlie Smith,Finance,50916.0,2019-04-26,44.0,Below Average,4247.27,charlie.smith@company.com,72.82,2024-01-27 10:51:40
404,Eve Miller,Operations,99031.0,2015-10-23,47.0,Good,6633.69,eve.miller@company.com,71.93,2024-01-02 23:04:38
451,Wendy Garcia,Finance,114460.0,2016-09-16,27.0,Good,12115.86,wendy.garcia@company.com,96.13,2024-01-27 11:59:29
370,Steve Smith,Operations,44000.0,2015-02-27,23.0,Good,,steve.smith@company.com,82.59,2024-01-07 11:50:25
302,Rachel Jones,Marketing,119634.0,2013-11-08,95.0,Below Average,17104.7,rachel.jones@company.com,74.76,2024-01-03 22:27:47
262,Ivy Johnson,Finance,90993.0,2013-02-01,36.0,Average,11241.72,ivy.johnson@company.com,72.74,2024-01-06 09:01:04
144,Kathy Garcia,Marketing,41802.0,2010-10-29,41.0,Average,3959.26,kathy.garcia@company.com,98.51,2024-01-24 23:40:13
318,Xander Rodriguez,HR,96556.0,2014-02-28,56.0,Average,8432.3,xander.rodriguez@company.com,88.95,2024-01-14 19:45:42
502,Tina Johnson,Marketing,107641.0,2017-09-08,29.0,Average,8171.99,tina.johnson@company.com,97.02,2024-01-12 14:03:12
291,Rachel Martinez,Sales,94021.0,2013-08-23,31.0,Excellent,,rachel.martinez@company.com,96.36,2024-01-05 18:15:19
410,Alice Smith,Marketing,60150.0,2015-12-04,57.0,Below Average,8396.89,alice.smith@company.com,70.35,2024-01-17 01:02:56
360,Charlie Brown,Marketing,97679.0,2014-12-19,48.0,Good,,charlie.brown@company.com,90.81,2024-01-05 18:48:27
206,Bob Smith,Sales,114290.0,2012-01-06,44.0,Below Average,13665.47,bob.smith@company.com,96.21,2024-01-22 03:43:17
154,Alice Garcia,Operations,56371.0,2011-01-07,52.0,Good,,alice.garcia@company.com,77.49,2024-01-27 12:36:33
490,Olivia Smith,Operations,97799.0,2017-06-16,24.0,Good,,olivia.smith@company.com,92.28,2024-01-22 03:56:35
102,Steve Brown,HR,86576.0,2010-01-08,55.0,Good,5980.18,steve.brown@company.com,85.57,2024-01-29 02:00:49
542,Xander Davis,Sales,97043.0,2018-06-15,23.0,Good,,xander.davis@company.com,82.93,2024-01-15 01:53:25
583,Leo Davis,Finance,90612.0,2019-03-29,58.0,Good,,leo.davis@company.com,91.14,2024-01-02 09:59:50
150,Olivia Rodriguez,Finance,450000.0,2010-12-10,34.0,Average,33113.21,olivia.rodriguez@company.com,94.2,2024-01-03 06:55:55
520,Jack Rodriguez,Marketing,81430.0,2018-01-12,25.0,Excellent,10123.04,jack.rodriguez@company.com,77.42,2024-01-16 04:22:34
181,Tina Rodriguez,HR,42200.0,2011-07-15,47.0,Average,6028.07,tina.rodriguez@company.com,90.89,2024-01-06 07:55:09
306,Kathy Davis,Operations,48308.0,2013-12-06,45.0,Excellent,3599.01,kathy.davis@company.com,94.77,2024-01-14 15:52:25
135,Victor Brown,HR,112082.0,2010-08-27,51.0,Excellent,,victor.brown@company.com,94.57,2024-01-13 16:19:04
364,Yara Rodriguez,Marketing,106387.0,2015-01-16,54.0,Excellent,6002.27,yara.rodriguez@company.com,89.64,2024-01-26 07:45:51
528,Kathy Smith,HR,106203.0,2018-03-09,28.0,Poor,15448.32,kathy.smith@company.com,99.08,2024-01-10 04:12:18
467,David Johnson,Marketing,66962.0,2017-01-06,53.0,Poor,,david.johnson@company.com,74.79,2024-01-29 00:28:20
192,Bob Brown,Finance,98871.0,2011-09-30,56.0,Average,13962.49,bob.brown@company.com,76.99,2024-01-12 23:36:44
440,Olivia Rodriguez,Operations,51130.0,2016-07-01,59.0,Poor,,olivia.rodriguez@company.com,94.02,2024-01-17 17:58:07
574,Bob Jones,Operations,40384.0,2019-01-25,58.0,Good,3447.99,bob.jones@company.com,89.17,2024-01-05 09:58:21
153,Grace Jones,Sales,86843.0,2010-12-31,37.0,Average,8318.62,grace.jones@company.com,95.48,2024-01-19 13:23:55
446,Olivia Smith,Operations,61689.0,2016-08-12,48.0,Excellent,,olivia.smith@company.com,70.95,2024-01-21 04:33:35
365,Victor Davis,Operations,58071.0,2015-01-23,58.0,Excellent,3179.56,victor.davis@company.com,78.2,2024-01-15 15:48:08
342,Jack Williams,Marketing,102752.0,2014-08-15,54.0,Excellent,14651.73,jack.williams@company.com,99.2,2024-01-10 13:25:03
114,Alice Martinez,HR,86717.0,2010-04-02,38.0,Average,10777.77,alice.martinez@company.com,86.99,2024-01-18 07:10:48
416,Rachel Davis,Operations,54397.0,2016-01-15,52.0,Poor,5177.07,rachel.davis@company.com,90.85,2024-01-14 05:55:59
189,Yara Williams,Finance,78467.0,2011-09-09,57.0,Good,4719.08,yara.williams@company.com,88.78,2024-01-22 17:58:34
488,Jack Martinez,Marketing,70355.0,2017-06-02,29.0,Good,7522.77,jack.martinez@company.com,96.05,2024-01-15 06:21:35
374,Xander Brown,Operations,60764.0,2015-03-27,54.0,Below Average,5713.14,xander.brown@company.com,99.52,2024-01-19 06:08:32
267,Tina Jones,Marketing,42368.0,2013-03-08,36.0,Below Average,3599.9,tina.jones@company.com,98.67,2024-01-19 13:02:21
429,Paul Smith,Sales,76939.0,2016-04-15,22.0,Excellent,7049.3,paul.smith@company.com,70.29,2024-01-02 10:10:09
593,Jack Davis,HR,78765.0,2019-06-07,48.0,Average,4257.84,jack.davis@company.com,95.14,2024-01-12 12:40:05
235,Alice Rodriguez,Operations,94240.0,2012-07-27,55.0,Excellent,,alice.rodriguez@company.com,76.95,2024-01-24 04:13:22
407,Frank Johnson,IT,101476.0,2015-11-13,46.0,Excellent,9285.04,frank.johnson@company.com,93.93,2024-01-02 05:33:01
581,Charlie Johnson,Marketing,100100.0,2019-03-15,55.0,Poor,7431.31,charlie.johnson@company.com,70.9,2024-01-04 16:15:52
420,Quincy Jones,Operations,90517.0,2016-02-12,43.0,Below Average,10796.12,quincy.jones@company.com,84.42,2024-01-24 01:45:46
344,Olivia Smith,Finance,99101.0,2014-08-29,36.0,Average,13124.04,olivia.smith@company.com,92.49,2024-01-27 01:01:40
155,Tina Johnson,Operations,117371.0,2011-01-14,32.0,Good,8506.54,tina.johnson@company.com,84.68,2024-01-07 06:00:57
464,Xander Williams,IT,102856.0,2016-12-16,49.0,Average,5318.02,xander.williams@company.com,72.45,2024-01-17 08:35:40
151,Grace Williams,Operations,70306.0,2010-12-17,32.0,Poor,9729.22,grace.williams@company.com,89.76,2024-01-26 23:32:20
557,Paul Smith,Sales,77892.0,2018-09-28,31.0,Average,,paul.smith@company.com,73.36,2024-01-17 06:12:23
275,Kathy Garcia,Operations,118657.0,2013-05-03,40.0,Below Average,7178.28,kathy.garcia@company.com,77.79,2024-01-15 08:53:51
546,Alice Garcia,Sales,85445.0,2018-07-13,41.0,Average,,alice.garcia@company.com,75.01,2024-01-10 02:07:36
290,Paul Miller,IT,88747.0,2013-08-16,27.0,Good,,paul.miller@company.com,78.01,2024-01-17 22:23:34
597,Bob Martinez,Finance,57100.0,2019-07-05,31.0,Below Average,,bob.martinez@company.com,88.54,2024-01-21 03:08:44
288,Ivy Miller,IT,59508.0,2013-08-02,24.0,Good,4400.13,ivy.miller@company.com,90.34,2024-01-23 02:29:05
270,Kathy Johnson,Marketing,110031.0,2013-03-29,47.0,Average,13234.12,kathy.johnson@company.com,89.66,2024-01-10 20:49:54
159,Ivy Rodriguez,Marketing,69855.0,2011-02-11,25.0,Good,3887.03,ivy.rodriguez@company.com,71.18,2024-01-03 04:01:45
149,Yara Miller,Operations,61918.0,2010-12-03,23.0,Average,,yara.miller@company.com,91.97,2024-01-08 12:57:12
445,Charlie Garcia,Marketing,61545.0,2016-08-05,55.0,Excellent,,charlie.garcia@company.com,91.19,2024-01-18 17:40:12
336,Mona Miller,Marketing,91293.0,2014-07-04,46.0,Below Average,7591.06,mona.miller@company.com,72.02,2024-01-22 19:11:19
353,Kathy Johnson,Sales,100160.0,2014-10-31,24.0,Excellent,9441.07,kathy.johnson@company.com,83.38,2024-01-25 02:11:44
122,Alice Brown,Marketing,77157.0,2010-05-28,59.0,Excellent,,alice.brown@company.com,87.85,2024-01-19 11:53:43
414,Wendy Smith,Marketing,61352.0,2016-01-01,29.0,Poor,5518.9,wendy.smith@company.com,88.0,2024-01-15 00:31:46
560,Leo Brown,Marketing,67712.0,2018-10-19,53.0,Good,,leo.brown@company.com,85.94,2024-01-12 14:13:14
261,Mona Davis,Sales,89689.0,2013-01-25,25.0,Excellent,9518.52,mona.davis@company.com,87.4,2024-01-06 07:51:32
377,Eve Smith,Marketing,5000.0,2015-04-17,52.0,Good,666.47,eve.smith@company.com,76.9,2024-01-03 06:44:19
544,Yara Miller,Finance,67532.0,2018-06-29,44.0,Poor,7978.26,yara.miller@company.com,88.51,2024-01-01 12:22:50
292,Hank Miller,IT,106412.0,2013-08-30,26.0,Poor,10901.74,hank.miller@company.com,93.92,2024-01-13 09:17:34
486,Nathan Brown,Marketing,49435.0,2017-05-19,25.0,Poor,2601.1,nathan.brown@company.com,77.73,2024-01-13 16:38:22
394,Olivia Williams,Finance,84425.0,2015-08-14,26.0,Poor,9647.84,olivia.williams@company.com,97.63,2024-01-28 19:06:09
514,Victor Johnson,Marketing,92528.0,2017-12-01,56.0,Good,11330.73,victor.johnson@company.com,75.39,2024-01-22 18:47:41
444,Jack Martinez,Operations,41062.0,2016-07-29,48.0,Below Average,3831.17,jack.martinez@company.com,89.09,2024-01-04 06:53:20
358,Bob Williams,Finance,67663.0,2014-12-05,54.0,Excellent,7920.68,bob.williams@company.com,74.91,2024-01-06 22:13:23
409,Steve Garcia,HR,76208.0,2015-11-27,33.0,Poor,7553.95,steve.garcia@company.com,83.66,2024-01-31 01:47:37
250,Quincy Martinez,Finance,58070.0,2012-11-09,24.0,Good,3268.53,quincy.martinez@company.com,99.85,2024-01-29 21:19:54
231,Wendy Davis,Finance,43420.0,2012-06-29,40.0,Good,3459.46,wendy.davis@company.com,84.02,2024-01-25 05:35:54
252,Rachel Rodriguez,HR,96958.0,2012-11-23,58.0,Excellent,13535.96,rachel.rodriguez@company.com,81.89,2024-01-25 16:03:46
460,Victor Miller,Operations,61677.0,2016-11-18,38.0,Poor,5633.0,victor.miller@company.com,83.57,2024-01-29 02:56:56
200,Leo Martinez,Marketing,59830.0,2011-11-25,45.0,Below Average,7031.66,leo.martinez@company.com,99.94,2024-01-30 04:55:51
473,Bob Johnson,HR,80262.0,2017-02-17,51.0,Below Average,7974.79,bob.johnson@company.com,93.69,2024-01-23 04:59:37
188,Yara Miller,Marketing,90108.0,2011-09-02,47.0,Excellent,,yara.miller@company.com,79.56,2024-01-12 18:06:54
559,Yara Miller,HR,101813.0,2018-10-12,44.0,Good,14590.8,yara.miller@company.com,71.71,2024-01-05 07:22:47
431,Steve Williams,HR,75270.0,2016-04-29,42.0,Excellent,10014.41,steve.williams@company.com,85.53,2024-01-22 13:01:37
315,Kathy Jones,IT,45237.0,2014-02-07,55.0,Average,6301.78,kathy.jones@company.com,78.61,2024-01-26 17:42:31
567,Ivy Smith,Marketing,46970.0,2018-12-07,30.0,Good,2986.17,ivy.smith@company.com,85.22,2024-01-13 22:52:13
222,Rachel Jones,Marketing,58589.0,2012-04-27,46.0,Excellent,6766.18,rachel.jones@company.com,81.53,2024-01-23 14:10:38
600,Tina Williams,Sales,110080.0,2019-07-26,42.0,Excellent,8048.25,tina.williams@company.com,70.91,2024-01-30 18:17:33
121,Xander Williams,IT,65342.0,2010-05-21,32.0,Excellent,4344.2,xander.williams@company.com,77.87,2024-01-21 20:28:05
289,Ivy Rodriguez,HR,43051.0,2013-08-09,54.0,Poor,,ivy.rodriguez@company.com,86.97,2024-01-11 14:52:22
172,Wendy Williams,Sales,69299.0,2011-05-13,43.0,Average,4311.15,wendy.williams@company.com,95.86,2024-01-15 23:31:04
207,Ivy Rodriguez,Sales,116213.0,2012-01-13,39.0,Good,8290.4,ivy.rodriguez@company.com,99.52,2024-01-26 10:50:12
371,Mona Brown,Finance,110588.0,2015-03-06,31.0,Excellent,,mona.brown@company.com,89.16,2024-01-30 21:51:55
449,Frank Jones,Sales,63714.0,2016-09-02,46.0,Poor,5209.99,frank.jones@company.com,86.24,2024-01-30 04:48:42
536,Quincy Miller,HR,44835.0,2018-05-04,39.0,Poor,3544.31,quincy.miller@company.com,77.08,2024-01-21 09:19:01
203,Uma Jones,Finance,119909.0,2011-12-16,35.0,Good,17407.3,uma.jones@company.com,82.06,2024-01-19 07:44:57
